{
  "dashboard": {
    "states": [
      {
        "label": "{{ledLightIntensity.value}}"
      }
    ],
    "actions": [],
    "basicPlus": []
  },
  "detailView": [
    {
      "label": "LED Intensity",
      "displayType": "list",
      "list": {
        "command": {
          "name": "setLedLightIntensity",
          "alternatives": [
            { "key": "1", "value": "1 - Lowest", "type": "active" },
            { "key": "2", "value": "2", "type": "active" },
            { "key": "3", "value": "3", "type": "active" },
            { "key": "4", "value": "4 - Medium", "type": "active" },
            { "key": "5", "value": "5", "type": "active" },
            { "key": "6", "value": "6", "type": "active" },
            { "key": "7", "value": "7 - Highest", "type": "active" }
          ],
          "argumentType": "string"
        },
        "state": {
          "value": "ledLightIntensity.value",
          "valueType": "string",
          "alternatives": [
            { "key": "1", "value": "1 - Lowest", "type": "active" },
            { "key": "2", "value": "2", "type": "active" },
            { "key": "3", "value": "3", "type": "active" },
            { "key": "4", "value": "4 - Medium", "type": "active" },
            { "key": "5", "value": "5", "type": "active" },
            { "key": "6", "value": "6", "type": "active" },
            { "key": "7", "value": "7 - Highest", "type": "active" }
          ]
        }
      }
    }
  ],
  "automation": {
    "conditions": [
      {
        "label": "LED Intensity",
        "displayType": "list",
        "list": {
          "alternatives": [
            { "key": "1", "value": "1 - Lowest", "type": "active" },
            { "key": "2", "value": "2", "type": "active" },
            { "key": "3", "value": "3", "type": "active" },
            { "key": "4", "value": "4 - Medium", "type": "active" },
            { "key": "5", "value": "5", "type": "active" },
            { "key": "6", "value": "6", "type": "active" },
            { "key": "7", "value": "7 - Highest", "type": "active" }
          ],
          "value": "ledLightIntensity.value",
          "valueType": "string"
        }
      }
    ],
    "actions": [
      {
        "label": "LED Intensity",
        "displayType": "list",
        "list": {
          "alternatives": [
            { "key": "1", "value": "1 - Lowest", "type": "active" },
            { "key": "2", "value": "2", "type": "active" },
            { "key": "3", "value": "3", "type": "active" },
            { "key": "4", "value": "4 - Medium", "type": "active" },
            { "key": "5", "value": "5", "type": "active" },
            { "key": "6", "value": "6", "type": "active" },
            { "key": "7", "value": "7 - Highest", "type": "active" }
          ],
          "command": "setLedLightIntensity",
          "argumentType": "string"
        }
      }
    ]
  }
}
