{
  "name": "LED Light Intensity",
  "attributes": {
    "ledLightIntensity": {
      "schema": {
        "type": "object",
        "properties": {
          "value": {
            "type": "string",
            "enum": ["1", "2", "3", "4", "5", "6", "7"]
          }
        },
        "additionalProperties": false,
        "required": ["value"]
      },
      "setter": "setLedLightIntensity"
    }
  },
  "commands": {
    "setLedLightIntensity": {
      "name": "setLedLightIntensity",
      "arguments": [
        {
          "name": "ledLightIntensity",
          "optional": false,
          "schema": {
            "type": "string",
            "enum": ["1", "2", "3", "4", "5", "6", "7"]
          }
        }
      ]
    }
  }
}
